0.00000e+00,-1.954648E-02
5.00000e-05,+1.954648E-02
1.00000e-04,+0.000000E+00
1.50000e-04,-3.909296E-02
2.00000e-04,-3.909296E-02
2.50000e-04,+1.954648E-02
3.00000e-04,+0.000000E+00
3.50000e-04,-3.909296E-02
4.00000e-04,-3.909296E-02
4.50000e-04,+0.000000E+00
5.00000e-04,-3.909296E-02
5.50000e-04,+0.000000E+00
6.00000e-04,-3.909296E-02
6.50000e-04,+1.954648E-02
7.00000e-04,-3.909296E-02
7.50000e-04,+0.000000E+00
8.00000e-04,-3.909296E-02
8.50000e-04,+0.000000E+00
9.00000e-04,+0.000000E+00
9.50000e-04,-5.863944E-02
1.00000e-03,+0.000000E+00
1.05000e-03,-3.909296E-02
1.10000e-03,-3.909296E-02
1.15000e-03,+1.954648E-02
1.20000e-03,+0.000000E+00
1.25000e-03,-5.863944E-02
1.30000e-03,-3.909296E-02
1.35000e-03,+1.954648E-02
1.40000e-03,-3.909296E-02
1.45000e-03,+1.954648E-02
1.50000e-03,-3.909296E-02
1.55000e-03,+1.954648E-02
1.60000e-03,-3.909296E-02
1.65000e-03,+1.954648E-02
1.70000e-03,-3.909296E-02
1.75000e-03,+0.000000E+00
1.80000e-03,-5.863944E-02
1.85000e-03,+1.954648E-02
1.90000e-03,-3.909296E-02
1.95000e-03,+0.000000E+00
2.00000e-03,+0.000000E+00
2.05000e-03,-3.909296E-02
2.10000e-03,-5.863944E-02
2.15000e-03,+1.954648E-02
2.20000e-03,+0.000000E+00
2.25000e-03,-5.863944E-02
2.30000e-03,-3.909296E-02
2.35000e-03,+1.954648E-02
2.40000e-03,-3.909296E-02
2.45000e-03,+0.000000E+00
2.50000e-03,+0.000000E+00
2.55000e-03,-3.909296E-02
2.60000e-03,-3.909296E-02
2.65000e-03,+0.000000E+00
2.70000e-03,+0.000000E+00
2.75000e-03,-3.909296E-02
2.80000e-03,+0.000000E+00
2.85000e-03,-5.863944E-02
2.90000e-03,+0.000000E+00
2.95000e-03,-5.863944E-02
3.00000e-03,+0.000000E+00
3.05000e-03,-5.863944E-02
3.10000e-03,-3.909296E-02
3.15000e-03,+0.000000E+00
3.20000e-03,+0.000000E+00
3.25000e-03,-3.909296E-02
3.30000e-03,+0.000000E+00
3.35000e-03,-5.863944E-02
3.40000e-03,-3.909296E-02
3.45000e-03,+1.954648E-02
3.50000e-03,-3.909296E-02
3.55000e-03,+0.000000E+00
3.60000e-03,-3.909296E-02
3.65000e-03,+1.954648E-02
3.70000e-03,+0.000000E+00
3.75000e-03,-5.863944E-02
3.80000e-03,+0.000000E+00
3.85000e-03,-5.863944E-02
3.90000e-03,-3.909296E-02
3.95000e-03,+1.954648E-02
4.00000e-03,-3.909296E-02
4.05000e-03,+1.954648E-02
4.10000e-03,+0.000000E+00
4.15000e-03,-3.909296E-02
4.20000e-03,+0.000000E+00
4.25000e-03,-3.909296E-02
4.30000e-03,-5.863944E-02
4.35000e-03,+1.954648E-02
4.40000e-03,+0.000000E+00
4.45000e-03,-5.863944E-02
4.50000e-03,-3.909296E-02
4.55000e-03,+0.000000E+00
4.60000e-03,-3.909296E-02
4.65000e-03,+0.000000E+00
4.70000e-03,+0.000000E+00
4.75000e-03,-5.863944E-02
4.80000e-03,-3.909296E-02
4.85000e-03,+0.000000E+00
4.90000e-03,-4.495690E-01
4.95000e-03,+9.577776E-01
5.00000e-03,+1.465986E+00
5.05000e-03,-2.482403E+00
5.10000e-03,-9.968705E-01
5.15000e-03,-1.290068E+00
5.20000e-03,-1.270521E+00
5.25000e-03,-9.577776E-01
5.30000e-03,-1.192335E+00
5.35000e-03,-9.382311E-01
5.40000e-03,-1.114149E+00
5.45000e-03,-9.382311E-01
5.50000e-03,-9.186846E-01
5.55000e-03,-1.035964E+00
5.60000e-03,-9.968705E-01
5.65000e-03,-8.795916E-01
5.70000e-03,-9.773241E-01
5.75000e-03,-8.404987E-01
5.80000e-03,-9.186846E-01
5.85000e-03,-8.014057E-01
5.90000e-03,-8.014057E-01
5.95000e-03,-8.600451E-01
6.00000e-03,+2.482403E+00
6.05000e-03,-2.365124E+00
6.10000e-03,-9.773241E-01
6.15000e-03,-1.622358E+00
6.20000e-03,-1.622358E+00
6.25000e-03,-1.075056E+00
6.30000e-03,-2.501950E+00
6.35000e-03,+2.482403E+00
6.40000e-03,-6.254874E-01
6.45000e-03,-9.382311E-01
6.50000e-03,-6.450339E-01
6.55000e-03,-9.186846E-01
6.60000e-03,-6.841269E-01
6.65000e-03,-8.991381E-01
6.70000e-03,-8.991381E-01
6.75000e-03,-7.232198E-01
6.80000e-03,-8.991381E-01
6.85000e-03,-7.427663E-01
6.90000e-03,-7.623128E-01
6.95000e-03,-8.795916E-01
7.00000e-03,-7.623128E-01
7.05000e-03,-8.795916E-01
7.10000e-03,-8.600451E-01
7.15000e-03,-7.623128E-01
7.20000e-03,-8.404987E-01
7.25000e-03,-7.623128E-01
7.30000e-03,+2.482403E+00
7.35000e-03,-2.501950E+00
7.40000e-03,-3.322902E-01
7.45000e-03,-4.104761E-01
7.50000e-03,-3.518367E-01
7.55000e-03,-4.300226E-01
7.60000e-03,-4.104761E-01
7.65000e-03,-3.518367E-01
7.70000e-03,-4.104761E-01
7.75000e-03,-2.931972E-01
7.80000e-03,-3.322902E-01
7.85000e-03,-1.954648E-01
7.90000e-03,-2.541043E-01
7.95000e-03,-1.563718E-01
8.00000e-03,-1.563718E-01
8.05000e-03,-2.345578E-01
8.10000e-03,-1.563718E-01
8.15000e-03,-2.345578E-01
8.20000e-03,-2.150113E-01
8.25000e-03,-1.368254E-01
8.30000e-03,-2.150113E-01
8.35000e-03,-1.368254E-01
8.40000e-03,-1.954648E-01
8.45000e-03,-1.172789E-01
8.50000e-03,-1.172789E-01
8.55000e-03,-1.759183E-01
8.60000e-03,-1.172789E-01
8.65000e-03,-1.759183E-01
8.70000e-03,-1.759183E-01
8.75000e-03,-9.773240E-02
8.80000e-03,-1.759183E-01
8.85000e-03,-1.172789E-01
8.90000e-03,-1.172789E-01
8.95000e-03,-1.759183E-01
9.00000e-03,-1.172789E-01
9.05000e-03,-1.759183E-01
9.10000e-03,-1.172789E-01
9.15000e-03,-1.759183E-01
9.20000e-03,-1.759183E-01
9.25000e-03,-1.172789E-01
9.30000e-03,-1.172789E-01
9.35000e-03,-1.759183E-01
9.40000e-03,-1.172789E-01
9.45000e-03,-1.954648E-01
9.50000e-03,-9.773240E-02
9.55000e-03,-1.954648E-01
9.60000e-03,-1.954648E-01
9.65000e-03,-1.172789E-01
9.70000e-03,-1.368254E-01
9.75000e-03,-1.954648E-01
9.80000e-03,-1.368254E-01
9.85000e-03,-1.954648E-01
9.90000e-03,-1.954648E-01
9.95000e-03,-1.368254E-01
1.00000e-02,-1.563718E-01
1.00500e-02,-2.150113E-01
1.01000e-02,-1.563718E-01
1.01500e-02,-2.150113E-01
1.02000e-02,-2.150113E-01
1.02500e-02,-1.563718E-01
1.03000e-02,-1.563718E-01
1.03500e-02,-2.345578E-01
1.04000e-02,-1.759183E-01
1.04500e-02,-2.345578E-01
1.05000e-02,-1.759183E-01
1.05500e-02,-2.345578E-01
1.06000e-02,-2.345578E-01
1.06500e-02,-1.759183E-01
1.07000e-02,-1.759183E-01
1.07500e-02,-2.541043E-01
1.08000e-02,-1.954648E-01
1.08500e-02,-2.541043E-01
1.09000e-02,-1.954648E-01
1.09500e-02,-2.541043E-01
1.10000e-02,-2.541043E-01
1.10500e-02,-1.954648E-01
1.11000e-02,-2.736507E-01
1.11500e-02,-1.954648E-01
1.12000e-02,-2.150113E-01
1.12500e-02,-2.931972E-01
1.13000e-02,-2.345578E-01
1.13500e-02,-2.931972E-01
1.14000e-02,-2.345578E-01
1.14500e-02,-2.931972E-01
1.15000e-02,-3.127437E-01
1.15500e-02,-2.345578E-01
1.16000e-02,-2.541043E-01
1.16500e-02,-3.127437E-01
1.17000e-02,-2.541043E-01
1.17500e-02,-3.322902E-01
1.18000e-02,-3.322902E-01
1.18500e-02,-2.150113E-01
1.19000e-02,-3.518367E-01
1.19500e-02,-1.954648E-01
1.20000e-02,-1.368254E-01
1.20500e-02,-5.473015E-01
1.21000e-02,-2.150113E-01
1.21500e-02,-3.322902E-01
1.22000e-02,-3.322902E-01
1.22500e-02,-2.345578E-01
1.23000e-02,-3.322902E-01
1.23500e-02,-1.954648E-01
1.24000e-02,-8.991381E-01
1.24500e-02,+4.886620E-01
1.25000e-02,-2.150113E-01
1.25500e-02,-3.518367E-01
1.26000e-02,-2.736507E-01
1.26500e-02,-3.518367E-01
1.27000e-02,-2.736507E-01
1.27500e-02,-3.713831E-01
1.28000e-02,-3.713831E-01
1.28500e-02,-2.541043E-01
1.29000e-02,-2.931972E-01
1.29500e-02,-4.104761E-01
1.30000e-02,-2.931972E-01
1.30500e-02,-4.104761E-01
1.31000e-02,-2.501950E+00
1.31500e-02,+2.052381E+00
1.32000e-02,-3.909296E-02
1.32500e-02,+3.909296E-02
1.33000e-02,-2.423764E+00
1.33500e-02,+1.505079E+00
1.34000e-02,+3.909296E-02
1.34500e-02,-1.954648E-02
1.35000e-02,+0.000000E+00
1.35500e-02,+5.863944E-02
1.36000e-02,+0.000000E+00
1.36500e-02,+7.818592E-02
1.37000e-02,+1.954648E-02
1.37500e-02,+9.773240E-02
1.38000e-02,+3.909296E-02
1.38500e-02,+1.172789E-01
1.39000e-02,+5.863944E-02
1.39500e-02,+1.172789E-01
1.40000e-02,+7.818592E-02
1.40500e-02,+1.368254E-01
1.41000e-02,+9.773240E-02
1.41500e-02,+1.563718E-01
1.42000e-02,+1.172789E-01
1.42500e-02,+1.759183E-01
1.43000e-02,+1.368254E-01
1.43500e-02,+1.954648E-01
1.44000e-02,+1.954648E-01
1.44500e-02,+1.368254E-01
1.45000e-02,+1.563718E-01
1.45500e-02,+2.150113E-01
1.46000e-02,+2.150113E-01
1.46500e-02,+1.563718E-01
1.47000e-02,+2.150113E-01
1.47500e-02,+1.759183E-01
1.48000e-02,+1.759183E-01
1.48500e-02,+2.345578E-01
1.49000e-02,+2.345578E-01
1.49500e-02,+1.759183E-01
1.50000e-02,+1.954648E-01
1.50500e-02,+2.345578E-01
1.51000e-02,+1.954648E-01
1.51500e-02,+2.541043E-01
1.52000e-02,+1.954648E-01
1.52500e-02,+2.541043E-01
1.53000e-02,+1.954648E-01
1.53500e-02,+2.541043E-01
1.54000e-02,+1.954648E-01
1.54500e-02,+2.541043E-01
1.55000e-02,+2.541043E-01
1.55500e-02,+1.954648E-01
1.56000e-02,+1.954648E-01
1.56500e-02,+2.541043E-01
1.57000e-02,+1.954648E-01
1.57500e-02,+2.541043E-01
1.58000e-02,+1.954648E-01
1.58500e-02,+2.541043E-01
1.59000e-02,+1.954648E-01
1.59500e-02,+2.541043E-01
1.60000e-02,+1.954648E-01
1.60500e-02,+2.541043E-01
1.61000e-02,+2.345578E-01
1.61500e-02,+1.954648E-01
1.62000e-02,+1.954648E-01
1.62500e-02,+2.541043E-01
1.63000e-02,+1.954648E-01
1.63500e-02,+2.541043E-01
1.64000e-02,+1.954648E-01
1.64500e-02,+2.541043E-01
1.65000e-02,+2.345578E-01
1.65500e-02,+1.954648E-01
1.66000e-02,+1.954648E-01
1.66500e-02,+2.541043E-01
1.67000e-02,+1.954648E-01
1.67500e-02,+2.541043E-01
1.68000e-02,+1.954648E-01
1.68500e-02,+2.541043E-01
1.69000e-02,+2.345578E-01
1.69500e-02,+1.954648E-01
1.70000e-02,+1.954648E-01
1.70500e-02,+2.345578E-01
1.71000e-02,+1.954648E-01
1.71500e-02,+2.345578E-01
1.72000e-02,+1.954648E-01
1.72500e-02,+2.345578E-01
1.73000e-02,+2.345578E-01
1.73500e-02,+1.954648E-01
1.74000e-02,+1.954648E-01
1.74500e-02,+2.541043E-01
1.75000e-02,+1.954648E-01
1.75500e-02,+2.345578E-01
1.76000e-02,+2.345578E-01
1.76500e-02,+1.954648E-01
1.77000e-02,+2.345578E-01
1.77500e-02,+1.759183E-01
1.78000e-02,+1.954648E-01
1.78500e-02,+2.345578E-01
1.79000e-02,+2.345578E-01
1.79500e-02,+1.759183E-01
1.80000e-02,+2.345578E-01
1.80500e-02,+1.759183E-01
1.81000e-02,+2.345578E-01
1.81500e-02,+1.759183E-01
1.82000e-02,+1.759183E-01
1.82500e-02,+2.345578E-01
1.83000e-02,+2.345578E-01
1.83500e-02,+1.759183E-01
1.84000e-02,+1.759183E-01
1.84500e-02,+2.345578E-01
1.85000e-02,+1.759183E-01
1.85500e-02,+2.345578E-01
1.86000e-02,+1.759183E-01
1.86500e-02,+2.345578E-01
1.87000e-02,+2.150113E-01
1.87500e-02,+1.759183E-01
1.88000e-02,+2.150113E-01
1.88500e-02,+1.759183E-01
1.89000e-02,+1.759183E-01
1.89500e-02,+2.345578E-01
1.90000e-02,+2.150113E-01
1.90500e-02,+1.563718E-01
1.91000e-02,+1.759183E-01
1.91500e-02,+2.150113E-01
1.92000e-02,+2.150113E-01
1.92500e-02,+1.563718E-01
1.93000e-02,+1.563718E-01
1.93500e-02,+2.150113E-01
1.94000e-02,+1.563718E-01
1.94500e-02,+2.150113E-01
1.95000e-02,+1.563718E-01
1.95500e-02,+2.150113E-01
1.96000e-02,+2.150113E-01
1.96500e-02,+1.368254E-01
1.97000e-02,+1.368254E-01
1.97500e-02,+1.954648E-01
1.98000e-02,+1.368254E-01
1.98500e-02,+1.954648E-01
1.99000e-02,+1.368254E-01
1.99500e-02,+1.954648E-01
2.00000e-02,+1.368254E-01
2.00500e-02,+1.954648E-01
2.01000e-02,+1.759183E-01
2.01500e-02,+1.172789E-01
2.02000e-02,+1.759183E-01
2.02500e-02,+1.172789E-01
2.03000e-02,+1.172789E-01
2.03500e-02,+1.759183E-01
2.04000e-02,+1.563718E-01
2.04500e-02,+9.773240E-02
2.05000e-02,+1.563718E-01
2.05500e-02,+9.773240E-02
2.06000e-02,+9.773240E-02
2.06500e-02,+1.563718E-01
2.07000e-02,+9.773240E-02
2.07500e-02,+1.563718E-01
2.08000e-02,+1.563718E-01
2.08500e-02,+7.818592E-02
2.09000e-02,+1.368254E-01
2.09500e-02,+7.818592E-02
2.10000e-02,+1.368254E-01
2.10500e-02,+7.818592E-02
2.11000e-02,+7.818592E-02
2.11500e-02,+1.368254E-01
2.12000e-02,+1.172789E-01
2.12500e-02,+7.818592E-02
2.13000e-02,+1.172789E-01
2.13500e-02,+5.863944E-02
2.14000e-02,+1.172789E-01
2.14500e-02,+5.863944E-02
2.15000e-02,+9.773240E-02
2.15500e-02,+5.863944E-02
2.16000e-02,+9.773240E-02
2.16500e-02,+3.909296E-02
2.17000e-02,+1.172789E-01
2.17500e-02,+3.909296E-02
2.18000e-02,+9.773240E-02
2.18500e-02,+3.909296E-02
2.19000e-02,+3.909296E-02
2.19500e-02,+9.773240E-02
2.20000e-02,+3.909296E-02
2.20500e-02,+9.773240E-02
2.21000e-02,+3.909296E-02
2.21500e-02,+7.818592E-02
2.22000e-02,+7.818592E-02
2.22500e-02,+1.954648E-02
2.23000e-02,+7.818592E-02
2.23500e-02,+1.954648E-02
2.24000e-02,+1.954648E-02
2.24500e-02,+7.818592E-02
2.25000e-02,+1.954648E-02
2.25500e-02,+7.818592E-02
2.26000e-02,+5.863944E-02
2.26500e-02,+1.954648E-02
2.27000e-02,+5.863944E-02
2.27500e-02,+0.000000E+00
2.28000e-02,+5.863944E-02
2.28500e-02,+0.000000E+00
2.29000e-02,+0.000000E+00
2.29500e-02,+5.863944E-02
2.30000e-02,+0.000000E+00
2.30500e-02,+5.863944E-02
2.31000e-02,+0.000000E+00
2.31500e-02,+5.863944E-02
2.32000e-02,+3.909296E-02
2.32500e-02,-1.954648E-02
2.33000e-02,+3.909296E-02
2.33500e-02,-1.954648E-02
2.34000e-02,+0.000000E+00
2.34500e-02,+3.909296E-02
2.35000e-02,+3.909296E-02
2.35500e-02,-1.954648E-02
2.36000e-02,+3.909296E-02
2.36500e-02,-1.954648E-02
2.37000e-02,+3.909296E-02
2.37500e-02,-1.954648E-02
2.38000e-02,+1.954648E-02
2.38500e-02,-1.954648E-02
2.39000e-02,+1.954648E-02
2.39500e-02,-1.954648E-02
2.40000e-02,-1.954648E-02
2.40500e-02,+1.954648E-02
2.41000e-02,+1.954648E-02
2.41500e-02,-1.954648E-02
2.42000e-02,+1.954648E-02
2.42500e-02,-3.909296E-02
2.43000e-02,+1.954648E-02
2.43500e-02,-3.909296E-02
2.44000e-02,+1.954648E-02
2.44500e-02,-3.909296E-02
2.45000e-02,+1.954648E-02
2.45500e-02,-3.909296E-02
2.46000e-02,-3.909296E-02
2.46500e-02,+1.954648E-02
2.47000e-02,+1.954648E-02
2.47500e-02,-3.909296E-02
2.48000e-02,-3.909296E-02
2.48500e-02,+1.954648E-02
2.49000e-02,-3.909296E-02
2.49500e-02,+1.954648E-02
2.50000e-02,-3.909296E-02
2.50500e-02,+1.954648E-02
2.51000e-02,-3.909296E-02
2.51500e-02,+1.954648E-02
2.52000e-02,+0.000000E+00
2.52500e-02,-5.863944E-02
2.53000e-02,+0.000000E+00
2.53500e-02,-3.909296E-02
2.54000e-02,+0.000000E+00
2.54500e-02,-5.863944E-02
2.55000e-02,+0.000000E+00
2.55500e-02,-5.863944E-02
2.56000e-02,+0.000000E+00
2.56500e-02,-5.863944E-02
2.57000e-02,+0.000000E+00
2.57500e-02,-5.863944E-02
2.58000e-02,-5.863944E-02
2.58500e-02,+0.000000E+00
2.59000e-02,-5.863944E-02
2.59500e-02,+0.000000E+00
2.60000e-02,+0.000000E+00
2.60500e-02,-5.863944E-02
2.61000e-02,-5.863944E-02
2.61500e-02,+0.000000E+00
2.62000e-02,+0.000000E+00
2.62500e-02,-5.863944E-02
2.63000e-02,-5.863944E-02
2.63500e-02,+0.000000E+00
2.64000e-02,-5.863944E-02
2.64500e-02,+0.000000E+00
2.65000e-02,-1.954648E-02
2.65500e-02,-5.863944E-02
2.66000e-02,-1.954648E-02
2.66500e-02,-5.863944E-02
2.67000e-02,-5.863944E-02
2.67500e-02,+0.000000E+00
2.68000e-02,-1.954648E-02
2.68500e-02,-5.863944E-02
2.69000e-02,-5.863944E-02
2.69500e-02,-1.954648E-02
2.70000e-02,-5.863944E-02
2.70500e-02,-1.954648E-02
2.71000e-02,-1.954648E-02
2.71500e-02,-7.818592E-02
2.72000e-02,-5.863944E-02
2.72500e-02,-1.954648E-02
2.73000e-02,-7.818592E-02
2.73500e-02,+0.000000E+00
2.74000e-02,-5.863944E-02
2.74500e-02,-1.954648E-02
2.75000e-02,-1.954648E-02
2.75500e-02,-7.818592E-02
2.76000e-02,-1.954648E-02
2.76500e-02,-7.818592E-02
2.77000e-02,-1.954648E-02
2.77500e-02,-7.818592E-02
2.78000e-02,-1.954648E-02
2.78500e-02,-7.818592E-02
2.79000e-02,-1.954648E-02
2.79500e-02,-7.818592E-02
2.80000e-02,-1.954648E-02
2.80500e-02,-7.818592E-02
2.81000e-02,-7.818592E-02
2.81500e-02,+0.000000E+00
2.82000e-02,-7.818592E-02
2.82500e-02,-1.954648E-02
2.83000e-02,-1.954648E-02
2.83500e-02,-7.818592E-02
2.84000e-02,-1.954648E-02
2.84500e-02,-7.818592E-02
2.85000e-02,-7.818592E-02
2.85500e-02,-1.954648E-02
2.86000e-02,-7.818592E-02
2.86500e-02,-1.954648E-02
2.87000e-02,-7.818592E-02
2.87500e-02,-1.954648E-02
2.88000e-02,-1.954648E-02
2.88500e-02,-7.818592E-02
2.89000e-02,-1.954648E-02
2.89500e-02,-7.818592E-02
2.90000e-02,-7.818592E-02
2.90500e-02,-1.954648E-02
2.91000e-02,-7.818592E-02
2.91500e-02,-1.954648E-02
2.92000e-02,-1.954648E-02
2.92500e-02,-7.818592E-02
2.93000e-02,-7.818592E-02
2.93500e-02,-1.954648E-02
2.94000e-02,-1.954648E-02
2.94500e-02,-7.818592E-02
2.95000e-02,-7.818592E-02
2.95500e-02,-1.954648E-02
2.96000e-02,-7.818592E-02
2.96500e-02,-1.954648E-02
2.97000e-02,-1.954648E-02
2.97500e-02,-7.818592E-02
2.98000e-02,-7.818592E-02
2.98500e-02,-1.954648E-02
2.99000e-02,-7.818592E-02
2.99500e-02,-1.954648E-02
3.00000e-02,-7.818592E-02
3.00500e-02,-1.954648E-02
3.01000e-02,-7.818592E-02
3.01500e-02,-1.954648E-02
3.02000e-02,-7.818592E-02
3.02500e-02,-1.954648E-02
3.03000e-02,-7.818592E-02
3.03500e-02,-1.954648E-02
3.04000e-02,-7.818592E-02
3.04500e-02,-1.954648E-02
3.05000e-02,-7.818592E-02
3.05500e-02,-1.954648E-02
3.06000e-02,-7.818592E-02
3.06500e-02,-1.954648E-02
3.07000e-02,-7.818592E-02
3.07500e-02,-1.954648E-02
3.08000e-02,-7.818592E-02
3.08500e-02,-1.954648E-02
3.09000e-02,-7.818592E-02
3.09500e-02,-1.954648E-02
3.10000e-02,-7.818592E-02
3.10500e-02,-1.954648E-02
3.11000e-02,-1.954648E-02
3.11500e-02,-7.818592E-02
3.12000e-02,-1.954648E-02
3.12500e-02,-7.818592E-02
3.13000e-02,-7.818592E-02
3.13500e-02,-1.954648E-02
3.14000e-02,-7.818592E-02
3.14500e-02,-1.954648E-02
3.15000e-02,-7.818592E-02
3.15500e-02,-1.954648E-02
3.16000e-02,-7.818592E-02
3.16500e-02,-1.954648E-02
3.17000e-02,-7.818592E-02
3.17500e-02,-1.954648E-02
3.18000e-02,-7.818592E-02
3.18500e-02,-1.954648E-02
3.19000e-02,-7.818592E-02
3.19500e-02,-1.954648E-02
3.20000e-02,-7.818592E-02
3.20500e-02,-1.954648E-02
3.21000e-02,-1.954648E-02
3.21500e-02,-7.818592E-02
3.22000e-02,-7.818592E-02
3.22500e-02,-1.954648E-02
3.23000e-02,-3.909296E-02
3.23500e-02,-7.818592E-02
3.24000e-02,-7.818592E-02
3.24500e-02,-1.954648E-02
3.25000e-02,-7.818592E-02
3.25500e-02,-1.954648E-02
3.26000e-02,-7.818592E-02
3.26500e-02,-1.954648E-02
3.27000e-02,-7.818592E-02
3.27500e-02,-1.954648E-02
3.28000e-02,-7.818592E-02
3.28500e-02,-1.954648E-02
3.29000e-02,-3.909296E-02
3.29500e-02,-7.818592E-02
3.30000e-02,-7.818592E-02
3.30500e-02,-1.954648E-02
3.31000e-02,-7.818592E-02
3.31500e-02,-1.954648E-02
3.32000e-02,-7.818592E-02
3.32500e-02,-1.954648E-02
3.33000e-02,-7.818592E-02
3.33500e-02,-1.954648E-02
3.34000e-02,-7.818592E-02
3.34500e-02,-1.954648E-02
3.35000e-02,-1.954648E-02
3.35500e-02,-7.818592E-02
3.36000e-02,-7.818592E-02
3.36500e-02,-1.954648E-02
3.37000e-02,-7.818592E-02
3.37500e-02,-1.954648E-02
3.38000e-02,-7.818592E-02
3.38500e-02,-1.954648E-02
3.39000e-02,-7.818592E-02
3.39500e-02,-1.954648E-02
3.40000e-02,-7.818592E-02
3.40500e-02,-1.954648E-02
3.41000e-02,-7.818592E-02
3.41500e-02,-1.954648E-02
3.42000e-02,-1.954648E-02
3.42500e-02,-7.818592E-02
3.43000e-02,-1.954648E-02
3.43500e-02,-7.818592E-02
3.44000e-02,-1.954648E-02
3.44500e-02,-7.818592E-02
3.45000e-02,-7.818592E-02
3.45500e-02,-1.954648E-02
3.46000e-02,-7.818592E-02
3.46500e-02,-1.954648E-02
3.47000e-02,-1.954648E-02
3.47500e-02,-7.818592E-02
3.48000e-02,-1.954648E-02
3.48500e-02,-7.818592E-02
3.49000e-02,-1.954648E-02
3.49500e-02,-7.818592E-02
3.50000e-02,-1.954648E-02
3.50500e-02,-7.818592E-02
3.51000e-02,-7.818592E-02
3.51500e-02,-1.954648E-02
3.52000e-02,-1.954648E-02
3.52500e-02,-7.818592E-02
3.53000e-02,-1.954648E-02
3.53500e-02,-7.818592E-02
3.54000e-02,-1.954648E-02
3.54500e-02,-7.818592E-02
3.55000e-02,-1.954648E-02
3.55500e-02,-7.818592E-02
3.56000e-02,-1.954648E-02
3.56500e-02,-7.818592E-02
3.57000e-02,-1.954648E-02
3.57500e-02,-7.818592E-02
3.58000e-02,-1.954648E-02
3.58500e-02,-7.818592E-02
3.59000e-02,-1.954648E-02
3.59500e-02,-7.818592E-02
3.60000e-02,-1.954648E-02
3.60500e-02,-7.818592E-02
3.61000e-02,-1.954648E-02
3.61500e-02,-7.818592E-02
3.62000e-02,-5.863944E-02
3.62500e-02,-1.954648E-02
3.63000e-02,-1.954648E-02
3.63500e-02,-7.818592E-02
3.64000e-02,-1.954648E-02
3.64500e-02,-7.818592E-02
3.65000e-02,-1.954648E-02
3.65500e-02,-5.863944E-02
3.66000e-02,-1.954648E-02
3.66500e-02,-5.863944E-02
3.67000e-02,-7.818592E-02
3.67500e-02,+0.000000E+00
3.68000e-02,-1.954648E-02
3.68500e-02,-5.863944E-02
3.69000e-02,-5.863944E-02
3.69500e-02,-1.954648E-02
3.70000e-02,-5.863944E-02
3.70500e-02,-1.954648E-02
3.71000e-02,-5.863944E-02
3.71500e-02,-1.954648E-02
3.72000e-02,-1.954648E-02
3.72500e-02,-5.863944E-02
3.73000e-02,-5.863944E-02
3.73500e-02,+0.000000E+00
3.74000e-02,-7.818592E-02
3.74500e-02,+0.000000E+00
3.75000e-02,-5.863944E-02
3.75500e-02,+0.000000E+00
3.76000e-02,-1.954648E-02
3.76500e-02,-5.863944E-02
3.77000e-02,-5.863944E-02
3.77500e-02,+0.000000E+00
3.78000e-02,-5.863944E-02
3.78500e-02,+0.000000E+00
3.79000e-02,-5.863944E-02
3.79500e-02,+0.000000E+00
3.80000e-02,-5.863944E-02
3.80500e-02,+0.000000E+00
3.81000e-02,-5.863944E-02
3.81500e-02,+0.000000E+00
3.82000e-02,-5.863944E-02
3.82500e-02,+0.000000E+00
3.83000e-02,-5.863944E-02
3.83500e-02,+0.000000E+00
3.84000e-02,-5.863944E-02
3.84500e-02,+0.000000E+00
3.85000e-02,-5.863944E-02
3.85500e-02,+0.000000E+00
3.86000e-02,+0.000000E+00
3.86500e-02,-5.863944E-02
3.87000e-02,+0.000000E+00
3.87500e-02,-5.863944E-02
3.88000e-02,+0.000000E+00
3.88500e-02,-5.863944E-02
3.89000e-02,-5.863944E-02
3.89500e-02,+0.000000E+00
3.90000e-02,-5.863944E-02
3.90500e-02,+0.000000E+00
3.91000e-02,+0.000000E+00
3.91500e-02,-5.863944E-02
3.92000e-02,+0.000000E+00
3.92500e-02,-5.863944E-02
3.93000e-02,+0.000000E+00
3.93500e-02,-5.863944E-02
3.94000e-02,+0.000000E+00
3.94500e-02,-5.863944E-02
3.95000e-02,+0.000000E+00
3.95500e-02,-5.863944E-02
3.96000e-02,+0.000000E+00
3.96500e-02,-5.863944E-02
3.97000e-02,+0.000000E+00
3.97500e-02,-5.863944E-02
3.98000e-02,+0.000000E+00
3.98500e-02,-5.863944E-02
3.99000e-02,+0.000000E+00
3.99500e-02,-5.863944E-02
4.00000e-02,+0.000000E+00
4.00500e-02,-5.863944E-02
4.01000e-02,+0.000000E+00
4.01500e-02,-5.863944E-02
4.02000e-02,+0.000000E+00
4.02500e-02,-5.863944E-02
4.03000e-02,+0.000000E+00
4.03500e-02,-5.863944E-02
4.04000e-02,-3.909296E-02
4.04500e-02,+0.000000E+00
4.05000e-02,-3.909296E-02
4.05500e-02,+1.954648E-02
4.06000e-02,-3.909296E-02
4.06500e-02,+1.954648E-02
4.07000e-02,-3.909296E-02
4.07500e-02,+1.954648E-02
4.08000e-02,+1.954648E-02
4.08500e-02,-3.909296E-02
4.09000e-02,-3.909296E-02
4.09500e-02,+1.954648E-02
4.10000e-02,-3.909296E-02
4.10500e-02,+1.954648E-02
4.11000e-02,-3.909296E-02
4.11500e-02,+1.954648E-02
4.12000e-02,-3.909296E-02
4.12500e-02,+1.954648E-02
4.13000e-02,-3.909296E-02
4.13500e-02,+1.954648E-02
4.14000e-02,+1.954648E-02
4.14500e-02,-3.909296E-02
4.15000e-02,-3.909296E-02
4.15500e-02,+1.954648E-02
4.16000e-02,-3.909296E-02
4.16500e-02,+1.954648E-02
4.17000e-02,-3.909296E-02
4.17500e-02,+1.954648E-02
4.18000e-02,+1.954648E-02
4.18500e-02,-3.909296E-02
4.19000e-02,+1.954648E-02
4.19500e-02,-3.909296E-02
4.20000e-02,+1.954648E-02
4.20500e-02,-3.909296E-02
4.21000e-02,-3.909296E-02
4.21500e-02,+1.954648E-02
4.22000e-02,+1.954648E-02
4.22500e-02,-3.909296E-02
4.23000e-02,+1.954648E-02
4.23500e-02,-3.909296E-02
4.24000e-02,-1.954648E-02
4.24500e-02,+1.954648E-02
4.25000e-02,+1.954648E-02
4.25500e-02,-1.954648E-02
4.26000e-02,-1.954648E-02
4.26500e-02,+1.954648E-02
4.27000e-02,-1.954648E-02
4.27500e-02,+3.909296E-02
4.28000e-02,-1.954648E-02
4.28500e-02,+1.954648E-02
4.29000e-02,-1.954648E-02
4.29500e-02,+3.909296E-02
4.30000e-02,-1.954648E-02
4.30500e-02,+3.909296E-02
4.31000e-02,-1.954648E-02
4.31500e-02,+3.909296E-02
4.32000e-02,+3.909296E-02
4.32500e-02,-1.954648E-02
4.33000e-02,-1.954648E-02
4.33500e-02,+3.909296E-02
4.34000e-02,-1.954648E-02
4.34500e-02,+3.909296E-02
4.35000e-02,-1.954648E-02
4.35500e-02,+3.909296E-02
4.36000e-02,+3.909296E-02
4.36500e-02,-1.954648E-02
4.37000e-02,+3.909296E-02
4.37500e-02,-1.954648E-02
4.38000e-02,+3.909296E-02
4.38500e-02,+0.000000E+00
4.39000e-02,+3.909296E-02
4.39500e-02,-1.954648E-02
4.40000e-02,+3.909296E-02
4.40500e-02,-1.954648E-02
4.41000e-02,+0.000000E+00
4.41500e-02,+3.909296E-02
4.42000e-02,+3.909296E-02
4.42500e-02,-1.954648E-02
4.43000e-02,+0.000000E+00
4.43500e-02,+3.909296E-02
4.44000e-02,+0.000000E+00
4.44500e-02,+3.909296E-02
4.45000e-02,+0.000000E+00
4.45500e-02,+3.909296E-02
4.46000e-02,+0.000000E+00
4.46500e-02,+3.909296E-02
4.47000e-02,+3.909296E-02
4.47500e-02,-1.954648E-02
4.48000e-02,+0.000000E+00
4.48500e-02,+5.863944E-02
4.49000e-02,+0.000000E+00
4.49500e-02,+3.909296E-02
4.50000e-02,+0.000000E+00
4.50500e-02,+3.909296E-02
4.51000e-02,+3.909296E-02
4.51500e-02,+0.000000E+00
4.52000e-02,+0.000000E+00
4.52500e-02,+5.863944E-02
4.53000e-02,+0.000000E+00
4.53500e-02,+3.909296E-02
4.54000e-02,+3.909296E-02
4.54500e-02,+0.000000E+00
4.55000e-02,+3.909296E-02
4.55500e-02,-1.954648E-02
4.56000e-02,+0.000000E+00
4.56500e-02,+3.909296E-02
4.57000e-02,+0.000000E+00
4.57500e-02,+3.909296E-02
4.58000e-02,+0.000000E+00
4.58500e-02,+3.909296E-02
4.59000e-02,+0.000000E+00
4.59500e-02,+3.909296E-02
4.60000e-02,+3.909296E-02
4.60500e-02,-1.954648E-02
4.61000e-02,+3.909296E-02
4.61500e-02,-1.954648E-02
4.62000e-02,+3.909296E-02
4.62500e-02,-1.954648E-02
4.63000e-02,+0.000000E+00
4.63500e-02,+3.909296E-02
4.64000e-02,+0.000000E+00
4.64500e-02,+3.909296E-02
4.65000e-02,+3.909296E-02
4.65500e-02,-1.954648E-02
4.66000e-02,+3.909296E-02
4.66500e-02,-1.954648E-02
4.67000e-02,-1.954648E-02
4.67500e-02,+3.909296E-02
4.68000e-02,+3.909296E-02
4.68500e-02,-1.954648E-02
4.69000e-02,+3.909296E-02
4.69500e-02,-1.954648E-02
4.70000e-02,-1.954648E-02
4.70500e-02,+3.909296E-02
4.71000e-02,-1.954648E-02
4.71500e-02,+3.909296E-02
4.72000e-02,+1.954648E-02
4.72500e-02,-1.954648E-02
4.73000e-02,-1.954648E-02
4.73500e-02,+3.909296E-02
4.74000e-02,+1.954648E-02
4.74500e-02,-1.954648E-02
4.75000e-02,-1.954648E-02
4.75500e-02,+3.909296E-02
4.76000e-02,+1.954648E-02
4.76500e-02,-1.954648E-02
4.77000e-02,+1.954648E-02
4.77500e-02,-1.954648E-02
4.78000e-02,+1.954648E-02
4.78500e-02,-3.909296E-02
4.79000e-02,+1.954648E-02
4.79500e-02,-3.909296E-02
4.80000e-02,+1.954648E-02
4.80500e-02,-3.909296E-02
4.81000e-02,+1.954648E-02
4.81500e-02,-1.954648E-02
4.82000e-02,+1.954648E-02
4.82500e-02,-3.909296E-02
4.83000e-02,+1.954648E-02
4.83500e-02,-3.909296E-02
4.84000e-02,+1.954648E-02
4.84500e-02,-3.909296E-02
4.85000e-02,+1.954648E-02
4.85500e-02,-3.909296E-02
4.86000e-02,+1.954648E-02
4.86500e-02,-3.909296E-02
4.87000e-02,-3.909296E-02
4.87500e-02,+1.954648E-02
4.88000e-02,+1.954648E-02
4.88500e-02,-3.909296E-02
4.89000e-02,-3.909296E-02
4.89500e-02,+1.954648E-02
4.90000e-02,+1.954648E-02
4.90500e-02,-3.909296E-02
4.91000e-02,-3.909296E-02
4.91500e-02,+1.954648E-02
4.92000e-02,+1.954648E-02
4.92500e-02,-3.909296E-02
4.93000e-02,-3.909296E-02
4.93500e-02,+1.954648E-02
4.94000e-02,-3.909296E-02
4.94500e-02,+1.954648E-02
4.95000e-02,-3.909296E-02
4.95500e-02,+1.954648E-02
4.96000e-02,-3.909296E-02
4.96500e-02,+1.954648E-02
4.97000e-02,+1.954648E-02
4.97500e-02,-3.909296E-02
4.98000e-02,-3.909296E-02
4.98500e-02,+1.954648E-02
4.99000e-02,-3.909296E-02
4.99500e-02,-1.954648E-02
,
